Product,DataType,Source,Attribute,Component,Name,Resolution,NativeResolution,Units,Description,UpperDepth,LowerDepth_m,MetadataLink,COGsPath
90m_Covariate,DSM_Covariate,BOM,Climate,,Clim_etaaann,90m,5km,mm,Average areal  actual evapotranspiration  - Annual,0,0,http://www.bom.gov.au/jsp/ncc/climate_averages/evapotranspiration/index.jsp,
90m_Covariate,DSM_Covariate,BOM,Climate,,Clim_etaajan,90m,5km,mm,Average areal  actual evapotranspiration - January,0,0,http://www.bom.gov.au/jsp/ncc/climate_averages/evapotranspiration/index.jsp,
90m_Covariate,DSM_Covariate,BOM,Climate,,Clim_etapann,90m,5km,mm,Average areal potential evapotranspiration - Annual,0,0,http://www.bom.gov.au/jsp/ncc/climate_averages/evapotranspiration/index.jsp,
90m_Covariate,DSM_Covariate,BOM,Climate,,Clim_etapapr,90m,5km,mm,Average areal potential evapotranspiration - April,0,0,http://www.bom.gov.au/jsp/ncc/climate_averages/evapotranspiration/index.jsp,
90m_Covariate,DSM_Covariate,BOM,Climate,,Clim_etapaug,90m,5km,mm,Average areal potential evapotranspiration - August,0,0,http://www.bom.gov.au/jsp/ncc/climate_averages/evapotranspiration/index.jsp,
90m_Covariate,DSM_Covariate,BOM,Climate,,Clim_etapdec,90m,5km,mm,Average areal potential evapotranspiration - December,0,0,http://www.bom.gov.au/jsp/ncc/climate_averages/evapotranspiration/index.jsp,
90m_Covariate,DSM_Covariate,BOM,Climate,,Clim_etapfeb,90m,5km,mm,Average areal potential evapotranspiration - February,0,0,http://www.bom.gov.au/jsp/ncc/climate_averages/evapotranspiration/index.jsp,
90m_Covariate,DSM_Covariate,BOM,Climate,,Clim_etapjan,90m,5km,mm,Average areal potential evapotranspiration - January,0,0,http://www.bom.gov.au/jsp/ncc/climate_averages/evapotranspiration/index.jsp,
90m_Covariate,DSM_Covariate,BOM,Climate,,Clim_etapjul,90m,5km,mm,Average areal potential evapotranspiration - July,0,0,http://www.bom.gov.au/jsp/ncc/climate_averages/evapotranspiration/index.jsp,
90m_Covariate,DSM_Covariate,BOM,Climate,,Clim_etapjun,90m,5km,mm,Average areal potential evapotranspiration - Jun,0,0,http://www.bom.gov.au/jsp/ncc/climate_averages/evapotranspiration/index.jsp,
90m_Covariate,DSM_Covariate,BOM,Climate,,Clim_etapmar,90m,5km,mm,Average areal potential evapotranspiration - March,0,0,http://www.bom.gov.au/jsp/ncc/climate_averages/evapotranspiration/index.jsp,
90m_Covariate,DSM_Covariate,BOM,Climate,,Clim_etapmay,90m,5km,mm,Average areal potential evapotranspiration - May,0,0,http://www.bom.gov.au/jsp/ncc/climate_averages/evapotranspiration/index.jsp,
90m_Covariate,DSM_Covariate,BOM,Climate,,Clim_etapnov,90m,5km,mm,Average areal potential evapotranspiration - November,0,0,http://www.bom.gov.au/jsp/ncc/climate_averages/evapotranspiration/index.jsp,
90m_Covariate,DSM_Covariate,BOM,Climate,,Clim_etapoct,90m,5km,mm,Average areal potential evapotranspiration - October,0,0,http://www.bom.gov.au/jsp/ncc/climate_averages/evapotranspiration/index.jsp,
90m_Covariate,DSM_Covariate,BOM,Climate,,Clim_etapsep,90m,5km,mm,Average areal potential evapotranspiration - September,0,0,http://www.bom.gov.au/jsp/ncc/climate_averages/evapotranspiration/index.jsp,
90m_Covariate,DSM_Covariate,BOM,Climate,,Clim_evapann,90m,5km,mm,Average  Pan Evaporation - Annual,0,0,http://www.bom.gov.au/jsp/ncc/climate_averages/evaporation/index.jsp,
90m_Covariate,DSM_Covariate,BOM,Climate,,Clim_frostann,90m,5km,number of days,Potential frost Days Annual,0,0,http://www.bom.gov.au/jsp/ncc/climate_averages/evapotranspiration/index.jsp,
90m_Covariate,DSM_Covariate,BOM,Climate,,Clim_kpnall,90m,5km,index,Koppen classes,0,0,http://www.bom.gov.au/jsp/ncc/climate_averages/climate-classifications/index.jsp,
90m_Covariate,DSM_Covariate,BOM,Climate,,Clim_maxann,90m,5km,degrees celcius,Average daily max temperature - Annual,0,0,http://www.bom.gov.au/jsp/ncc/climate_averages/temperature/index.jsp,
90m_Covariate,DSM_Covariate,BOM,Climate,,Clim_maxsum,90m,5km,degrees celcius,Average daily max temperature - Summer,0,0,http://www.bom.gov.au/jsp/ncc/climate_averages/temperature/index.jsp,
90m_Covariate,DSM_Covariate,BOM,Climate,,Clim_maxwin,90m,5km,degrees celcius,Average daily max temperature - Winter,0,0,http://www.bom.gov.au/jsp/ncc/climate_averages/temperature/index.jsp,
90m_Covariate,DSM_Covariate,BOM,Climate,,Clim_meanann,90m,5km,degrees celcius,Average daily mean temperature - Annual,0,0,http://www.bom.gov.au/jsp/ncc/climate_averages/temperature/index.jsp,
90m_Covariate,DSM_Covariate,BOM,Climate,,Clim_minann,90m,5km,degrees celcius,Average daily min temperature - Annual,0,0,http://www.bom.gov.au/jsp/ncc/climate_averages/temperature/index.jsp,
90m_Covariate,DSM_Covariate,BOM,Climate,,Clim_minsum,90m,5km,degrees celcius,Average daily min temperature - Summer,0,0,http://www.bom.gov.au/jsp/ncc/climate_averages/temperature/index.jsp,
90m_Covariate,DSM_Covariate,BOM,Climate,,Clim_minwin,90m,5km,degrees celcius,Average daily min temperature  - Winter,0,0,http://www.bom.gov.au/jsp/ncc/climate_averages/temperature/index.jsp,
90m_Covariate,DSM_Covariate,BOM,Climate,,Clim_percjanmar,90m,5km,percent,Average Rainfall  - Wet Season,0,0,http://www.bom.gov.au/jsp/ncc/climate_averages/rainfall/index.jsp,
90m_Covariate,DSM_Covariate,Interpreted - based on McKenzie and Ryan (1999) and was based on Prescott (1949).,Climate,,Clim_Prescott,90m,5km,index,Prescott Index generated by Ross Searle using PI =0.445P / E0.75,0,0,,
90m_Covariate,DSM_Covariate,CSIRO CLW,Climate,,Clim_Prescott_LindaGregory,90m,90m,index,Prescott Index,0,0,E:\TERN\Data\PrescottIndex\makePrescott.txt,
90m_Covariate,DSM_Covariate,BOM,Climate,,Clim_rain1mman,90m,5km,number of days,Average Number of days with rainfall greater than 1mm Annual,0,0,http://www.bom.gov.au/jsp/ncc/climate_averages/raindays/index.jsp,
90m_Covariate,DSM_Covariate,BOM,Climate,,Clim_rainan,90m,5km,mm,Average Rainfall  - Annual,0,0,http://www.bom.gov.au/jsp/ncc/climate_averages/rainfall/index.jsp,
90m_Covariate,DSM_Covariate,BOM,Climate,,Clim_rainjan,90m,5km,mm,Average Rainfall  - January,0,0,http://www.bom.gov.au/jsp/ncc/climate_averages/rainfall/index.jsp,
90m_Covariate,DSM_Covariate,BOM,Climate,,Clim_rainjun,90m,5km,mm,Average Rainfall  - June,0,0,http://www.bom.gov.au/jsp/ncc/climate_averages/rainfall/index.jsp,
90m_Covariate,DSM_Covariate,BOM,Climate,,Clim_rainoct,90m,5km,mm,Average Rainfall  - October,0,0,http://www.bom.gov.au/jsp/ncc/climate_averages/rainfall/index.jsp,
90m_Covariate,DSM_Covariate,BOM,Climate,,Clim_rainspr,90m,5km,mm,Average Rainfall  - Spring,0,0,http://www.bom.gov.au/jsp/ncc/climate_averages/rainfall/index.jsp,
90m_Covariate,DSM_Covariate,BOM,Climate,,Clim_rainsum,90m,5km,mm,Average Rainfall  - Summer,0,0,http://www.bom.gov.au/jsp/ncc/climate_averages/rainfall/index.jsp,
90m_Covariate,DSM_Covariate,BOM,Climate,,Clim_rainwin,90m,5km,mm,Average Rainfall  - Winter,0,0,http://www.bom.gov.au/jsp/ncc/climate_averages/rainfall/index.jsp,
90m_Covariate,DSM_Covariate,BOM,Climate,,Clim_rh09ann,90m,5km,percent,Relative Humidity 9am Annual,0,0,http://www.bom.gov.au/jsp/ncc/climate_averages/relative-humidity/index.jsp,
90m_Covariate,DSM_Covariate,Derived from BOM,Climate,,Clim_sum_wint_ratio,90m,5km,ratio,Average Rainfall - Summer Winter Ratio,0,0,,
90m_Covariate,DSM_Covariate,BOM,Climate,,Clim_sunann,90m,5km,hours,Average daily sunshine hours - Annual,0,0,http://www.bom.gov.au/jsp/ncc/climate_averages/sunshine-hours/index.jsp,
90m_Covariate,DSM_Covariate,BOM,Climate,,Clim_tdayann,90m,5km,percent,Average thunder days -  Annual,0,0,http://www.bom.gov.au/jsp/ncc/climate_averages/sunshine-hours/index.jsp,
90m_Covariate,DSM_Covariate,BOM,Climate,,Clim_varan,90m,5km,ratio,Rainfall Variability -  Annual,0,0,http://www.bom.gov.au/jsp/ncc/climate_averages/rainfall-variability/index.jsp,
90m_Covariate,DSM_Covariate,Geoscience Australia,Parent_Material,,PM_Gravity,90m,Unkown,none,Fifth Edition Total Magnetic Intensity (TMI) Anomaly Grid of Australia,0,0,\\wron\GIS\national\geophysics\magmap_V5_2010\magmap_V5_2010.doc\\wron\GIS\national\geophysics\magmap_V5_2010\magmap_V5_2010.doc,
90m_Covariate,DSM_Covariate,Geoscience Australia,Parent_Material,,PM_Lithology_Map_Symbol,90m,NA,none,Surface Geology of Australia 1:1 million scale dataset 2012 edition - Geologic Unit,0,0,http://www.ga.gov.au/meta/ANZCW0703016455.html,
90m_Covariate,DSM_Covariate,Geoscience Australia,Parent_Material,,PM_Lithology_Min_Geol_Age,90m,NA,none,Surface Geology of Australia 1:1 million scale dataset 2012 edition - Minimum Geologic Age,0,0,http://www.ga.gov.au/meta/ANZCW0703016455.html,
90m_Covariate,DSM_Covariate,Geoscience Australia,Parent_Material,,PM_Lithology_Unit_Type,90m,NA,none,Surface Geology of Australia 1:1 million scale dataset 2012 edition - Lithology Type,0,0,http://www.ga.gov.au/meta/ANZCW0703016455.html,
90m_Covariate,DSM_Covariate,Geoscience Australia,Parent_Material,,PM_Weathering_Index,90m,90m,none,Weathering Index,0,0,,
90m_Covariate,DSM_Covariate,CSIRO,Relief,,Relief_apsect,90m,3 arc-second,none,"Aspect derived from 3"" SRTM DEM-S",0,0,https://doi.org/10.4225/08/56D778315A62B,
90m_Covariate,DSM_Covariate,Geoscience Australia,Relief,,Relief_dems_3s_mosaic1,90m,3 arc-second,none,3 second SRTM Derived Digital Elevation Model (DEM) Version 1.0,0,0,http://pid.geoscience.gov.au/dataset/ga/69888,
90m_Covariate,DSM_Covariate,CSIRO,Relief,,Relief_elev_focalrange1000m_3s,90m,3 arc-second,none,"Relief - Elevation Range over 1000 m derived from 3"" SRTM DEM-S",0,0,https://doi.org/10.4225/08/56E9C8DDD664D,
90m_Covariate,DSM_Covariate,CSIRO,Relief,,Relief_elev_focalrange300m_3s,90m,3 arc-second,none,"Relief - Elevation Range over 300 m derived from 1"" SRTM DEM-S",0,0,https://doi.org/10.4225/08/57511C7CBC340,
90m_Covariate,DSM_Covariate,CSIRO,Relief,,Relief_mrvbf_3s_mosaic,90m,3 arc-second,none,Multi-resolution Valley Bottom Flatness (MrVBF),0,0,https://doi.org/10.4225/08/5701C885AB4FE,
90m_Covariate,DSM_Covariate,CSIRO,Relief,,Relief_plan_curvature_3s,90m,3 arc-second,none,"Plan Curvature derived from 1"" SRTM DEM-S",0,0,https://doi.org/10.4225/08/56DE806D91E44,
90m_Covariate,DSM_Covariate,CSIRO,Relief,,Relief_profile_curvature_3,90m,3 arc-second,none,"Profile Curvature derived from 1"" SRTM DEM-S",0,0,https://doi.org/10.4225/08/56E9DEBF65706,
90m_Covariate,DSM_Covariate,Interpreted,Relief,,Relief_roughness,90m,3 arc-second,none,Landscape Roughness,0,0,,
90m_Covariate,DSM_Covariate,CSIRO,Relief,,Relief_slope_perc,90m,3 arc-second,none,"Slope derived from 1"" SRTM DEM-S",0,0,https://doi.org/10.4225/08/5689DA774564A,
90m_Covariate,DSM_Covariate,CSIRO,Relief,,Relief_slope_Relief_class_3s,90m,3 arc-second,none,"Slope Relief Classification derived from 1"" SRTM DEM-S",0,0,https://doi.org/10.4225/08/57512079C1A93,
90m_Covariate,DSM_Covariate,CSIRO,Relief,,Relief_slopepct_focalmedian300m_3s,90m,3 arc-second,none,"Median of Percent Slope over 300 m derived from 1"" SRTM DEM-S",0,0,https://doi.org/10.4225/08/56DE9747E897E,
90m_Covariate,DSM_Covariate,CSIRO,Relief,,Relief_tpi_3s,90m,3 arc-second,none,"Topographic Position Index derived from 1"" SRTM DEM-S",0,0,https://doi.org/10.4225/08/5758CCC862AD5,
90m_Covariate,DSM_Covariate,CSIRO,Relief,,Relief_twi_3s,90m,3 arc-second,none,"Topographic Wetness Index derived from 1"" SRTM DEM-H",0,0,https://doi.org/10.4225/08/57590B59A4A08,
90m_Covariate,DSM_Covariate,CSIRO,Soil,,Soil_ASC,90m,NA,none,ASRIS Australian Soil Classification - Dominant Soil Order (250m raster),0,0,\\wron/gis/national/soils/NationalSoilGrids/asc_metadata.htm,
90m_Covariate,DSM_Covariate,CSIRO,Soil,,Soil_Atlas,90m,none,none,Atlas of Australian Soils (1:2 million),0,0,\\wron\GIS\national\soils\ATLAS\soilAtlas2M_Metadata.doc,
90m_Covariate,DSM_Covariate,CSIRO,Soil,,Soil_Illite,90m,0.0008333 Degrees,percent,Maps clay minerals –  illite in Australian soils - 0 - 20cm,0,0,https://doi.org/10.4225/08/55DFFCA4715D8,
90m_Covariate,DSM_Covariate,CSIRO,Soil,,Soil_Kaolinite,90m,0.0008333 Degrees,percent,Maps clay minerals – kaolinite in Australian soils - 0 - 20cm,0,0,https://doi.org/10.4225/08/55DFFCA4715D8,
90m_Covariate,DSM_Covariate,CSIRO,Soil,,Soil_Smectite,90m,0.0008333 Degrees,percent,Maps clay minerals –  smectite in Australian soils - 0 - 20cm,0,0,https://doi.org/10.4225/08/55DFFCA4715D8,
90m_Covariate,DSM_Covariate,"Time Series Remote Sensing Team, CSIRO Land and Water",Organisms,,Veg_AVHRR_FPAR_Max,90m,0.01 Degrees,percent,Fraction of Photosynthetically Active Radiation (FPAR) - AVHRR  CSIRO Land and Water algorithm  Australia coverage - Maximum Value in Timeseries,0,0,https://portal.tern.org.au/fraction-photosynthetically-active-australia-coverage/20992,
90m_Covariate,DSM_Covariate,"Time Series Remote Sensing Team, CSIRO Land and Water",Organisms,,Veg_AVHRR_FPAR_Mean,90m,0.01 Degrees,percent,Fraction of Photosynthetically Active Radiation (FPAR) - AVHRR  CSIRO Land and Water algorithm  Australia coverage - Mean Value in Timeseries,0,0,https://portal.tern.org.au/fraction-photosynthetically-active-australia-coverage/20992,
90m_Covariate,DSM_Covariate,"Time Series Remote Sensing Team, CSIRO Land and Water",Organisms,,Veg_AVHRR_FPAR_Median,90m,0.01 Degrees,percent,Fraction of Photosynthetically Active Radiation (FPAR) - AVHRR  CSIRO Land and Water algorithm  Australia coverage - Median Value in Timeseries,0,0,https://portal.tern.org.au/fraction-photosynthetically-active-australia-coverage/20992,
90m_Covariate,DSM_Covariate,"Time Series Remote Sensing Team, CSIRO Land and Water",Organisms,,Veg_AVHRR_FPAR_Min,90m,0.01 Degrees,percent,Fraction of Photosynthetically Active Radiation (FPAR) - AVHRR  CSIRO Land and Water algorithm  Australia coverage - Minimum Value in Timeseries,0,0,https://portal.tern.org.au/fraction-photosynthetically-active-australia-coverage/20992,
90m_Covariate,DSM_Covariate,"Time Series Remote Sensing Team, CSIRO Land and Water",Organisms,,Veg_AVHRR_FPAR_StdDev,90m,0.01 Degrees,percent,Fraction of Photosynthetically Active Radiation (FPAR) - AVHRR  CSIRO Land and Water algorithm  Australia coverage - Standard Deviation of Value in Timeseries,0,0,https://portal.tern.org.au/fraction-photosynthetically-active-australia-coverage/20992,
90m_Covariate,DSM_Covariate,CSIRO CLW,Organisms,,Veg_Modis_FractCover_Max_BS,90m,500m,percent,Fractional cover - MODIS  CSIRO Land and Water algorithm  Australia coverage - Bare Soil - Maximum,0,0,http://data.auscover.org.au/xwiki/bin/view/Product+pages/FC+Metrics+MODIS+ABARES,
90m_Covariate,DSM_Covariate,CSIRO CLW,Organisms,,Veg_Modis_FractCover_Max_NPV,90m,500m,percent,Fractional cover - MODIS  CSIRO Land and Water algorithm  Australia coverage - Photosynthetic Vegetation - Maximum,0,0,http://data.auscover.org.au/xwiki/bin/view/Product+pages/FC+Metrics+MODIS+ABARES,
90m_Covariate,DSM_Covariate,CSIRO CLW,Organisms,,Veg_Modis_FractCover_Max_PV,90m,500m,percent,Fractional cover - MODIS  CSIRO Land and Water algorithm  Australia coverage - Non Photosynthetic Vegetation - Maximum,0,0,http://data.auscover.org.au/xwiki/bin/view/Product+pages/FC+Metrics+MODIS+ABARES,
90m_Covariate,DSM_Covariate,CSIRO CLW,Organisms,,Veg_Modis_FractCover_Mean_BS,90m,500m,percent,Fractional cover - MODIS  CSIRO Land and Water algorithm  Australia coverage - Bare Soil - Mean,0,0,http://data.auscover.org.au/xwiki/bin/view/Product+pages/FC+Metrics+MODIS+ABARES,
90m_Covariate,DSM_Covariate,CSIRO CLW,Organisms,,Veg_Modis_FractCover_Mean_NPV,90m,500m,percent,Fractional cover - MODIS  CSIRO Land and Water algorithm  Australia coverage - Non Photosynthetic Vegetation - Mean,0,0,http://data.auscover.org.au/xwiki/bin/view/Product+pages/FC+Metrics+MODIS+ABARES,
90m_Covariate,DSM_Covariate,CSIRO CLW,Organisms,,Veg_Modis_FractCover_Mean_PV,90m,500m,percent,Fractional cover - MODIS  CSIRO Land and Water algorithm  Australia coverage - Photosynthetic Vegetation - Mean,0,0,http://data.auscover.org.au/xwiki/bin/view/Product+pages/FC+Metrics+MODIS+ABARES,
90m_Covariate,DSM_Covariate,CSIRO CLW,Organisms,,Veg_Modis_FractCover_Min_BS,90m,500m,percent,Fractional cover - MODIS  CSIRO Land and Water algorithm  Australia coverage - Bare Soil - Minimum,0,0,http://data.auscover.org.au/xwiki/bin/view/Product+pages/FC+Metrics+MODIS+ABARES,
90m_Covariate,DSM_Covariate,CSIRO CLW,Organisms,,Veg_Modis_FractCover_Min_NPV,90m,500m,percent,Fractional cover - MODIS  CSIRO Land and Water algorithm  Australia coverage - Non Photosynthetic Vegetation - Minimum,0,0,http://data.auscover.org.au/xwiki/bin/view/Product+pages/FC+Metrics+MODIS+ABARES,
90m_Covariate,DSM_Covariate,CSIRO CLW,Organisms,,Veg_Modis_FractCover_Min_PV,90m,500m,percent,Fractional cover - MODIS  CSIRO Land and Water algorithm  Australia coverage - Photosynthetic Vegetation - Minimum,0,0,http://data.auscover.org.au/xwiki/bin/view/Product+pages/FC+Metrics+MODIS+ABARES,
90m_Covariate,DSM_Covariate,CSIRO CLW,Organisms,,Veg_Modis_FractCover_Std_BS,90m,500m,percent,Fractional cover - MODIS  CSIRO Land and Water algorithm  Australia coverage - Bare Soil - Standard Deviation,0,0,http://data.auscover.org.au/xwiki/bin/view/Product+pages/FC+Metrics+MODIS+ABARES,
90m_Covariate,DSM_Covariate,CSIRO CLW,Organisms,,Veg_Modis_FractCover_Std_NPV,90m,500m,percent,Fractional cover - MODIS  CSIRO Land and Water algorithm  Australia coverage - Non Photosynthetic Vegetation - Standard Deviation,0,0,http://data.auscover.org.au/xwiki/bin/view/Product+pages/FC+Metrics+MODIS+ABARES,
90m_Covariate,DSM_Covariate,CSIRO CLW,Organisms,,Veg_Modis_FractCover_Std_PV,90m,500m,percent,Fractional cover - MODIS  CSIRO Land and Water algorithm  Australia coverage - Photosynthetic Vegetation - Standard Deviation,0,0,http://data.auscover.org.au/xwiki/bin/view/Product+pages/FC+Metrics+MODIS+ABARES,
90m_Covariate,DSM_Covariate,"Australian Government Department of the Environment, Water, Heritage and the  Arts",Organisms,,Veg_IBRA_regions,90m,NA,,Interim Biogeographic Regionalisation for Australia (IBRA)  Version 6_1,0,0,https://www.environment.gov.au/fed/catalog/search/resource/details.page?uuid=%7B12DACC6D-128F-4FEB-A93F-972BFC9E249E%7D,
90m_Covariate,DSM_Covariate,Geoscience Australia,Organisms,,Veg_LandCoverTrend_evi_class,90m,0.00234899 Degrees,None,National Dynamic Land Cover Dataset Class,0,0,https://www.ga.gov.au/products/servlet/controller?event=GEOCAT_DETAILS&catno=71069https://www.ga.gov.au/products/servlet/controller?event=GEOCAT_DETAILS&catno=71069,
90m_Covariate,DSM_Covariate,Geoscience Australia,Organisms,,Veg_LandCoverTrend_evi_max,90m,0.00234899 Degrees,None,National Dynamic Land Cover Dataset Maximum of the timeseries 2000 - 2008,0,0,https://www.ga.gov.au/products/servlet/controller?event=GEOCAT_DETAILS&catno=71069,
90m_Covariate,DSM_Covariate,Geoscience Australia,Organisms,,Veg_LandCoverTrend_evi_mean,90m,0.00234899 Degrees,None,National Dynamic Land Cover Dataset Mean  of the timeseries 2000 - 2008,0,0,https://www.ga.gov.au/products/servlet/controller?event=GEOCAT_DETAILS&catno=71069,
90m_Covariate,DSM_Covariate,Geoscience Australia,Organisms,,Veg_LandCoverTrend_evi_min,90m,0.00234899 Degrees,None,National Dynamic Land Cover Dataset Minimum  of the timeseries 2000 - 2008,0,0,https://www.ga.gov.au/products/servlet/controller?event=GEOCAT_DETAILS&catno=71069,
90m_Covariate,DSM_Covariate,Australian Government Department of the Environment and Water Resources,Organisms,,Veg_mvs31e_aus1,90m,,, Australia - Present Major Vegetation Subgroups - NVIS Stage 1  Version 3.1,0,0,http://environment.gov.au/fed/catalog/search/resource/details.page?uuid=%7B3F8AD12F-8300-45EC-A41A-469519A94039%7D,
90m_Covariate,DSM_Covariate,JRSRP,Organisms,,Veg_Persistant_green_Veg,90m,,,Landsat 2000-2010 Persistent Green-Vegetation Fraction,0,0,http://data.auscover.org.au/xwiki/bin/view/Product+pages/Persistent+Green-Vegetation+Fraction,
90m_Covariate,DSM_Covariate,"Australian Government Department of Agriculture, Water and the Environment",Organisms,,Veg_preEuropeanVeg,90m,100m,,Pre-European Veg,0,0,http://environment.gov.au/fed/catalog/search/resource/details.page?uuid=%7B382D536D-FA34-474F-89F2-305BB45E6F2B%7D,
90m_Covariate,DSM_Covariate,CSIRO,Climate,,Clim_ADI,90m,90m,index,Minimum monthly aridity index,0,0,https://doi.org/10.25919/5dce30cad79a8,
90m_Covariate,DSM_Covariate,CSIRO,Climate,,Clim_ADM,90m,90m,index,Mean annual aridity index (annual precipitation/ annual potential evaporation),0,0,https://doi.org/10.25919/5dce30cad79a8,
90m_Covariate,DSM_Covariate,CSIRO,Climate,,Clim_ADRI,90m,90m,index,Aridity Index (PT/EP) - min difference between successive months,0,0,https://doi.org/10.25919/5dce30cad79a8,
90m_Covariate,DSM_Covariate,CSIRO,Climate,,Clim_ADRX,90m,90m,index,Aridity Index (PT/EP)- max difference between successive months,0,0,https://doi.org/10.25919/5dce30cad79a8,
90m_Covariate,DSM_Covariate,CSIRO,Climate,,Clim_ADX,90m,90m,index,Aridity Index (PT/EP)- max difference between successive months,0,0,https://doi.org/10.25919/5dce30cad79a8,
90m_Covariate,DSM_Covariate,CSIRO,Climate,,Clim_EAAS,90m,90m,mm,Annual total actual evapotranspiration modelled using terrain-scaled water holding capacity (mm),0,0,https://doi.org/10.25919/5dce30cad79a8,
90m_Covariate,DSM_Covariate,CSIRO,Climate,,Clim_EPA,90m,90m,mm,Annual potential evaporation (mm),0,0,https://doi.org/10.25919/5dce30cad79a8,
90m_Covariate,DSM_Covariate,CSIRO,Climate,,Clim_EPI,90m,90m,mm,Minimum monthly potential evaporation (mm),0,0,https://doi.org/10.25919/5dce30cad79a8,
90m_Covariate,DSM_Covariate,CSIRO,Climate,,Clim_EPRI,90m,90m,mm,Potential evaporation - min difference between successive months,0,0,https://doi.org/10.25919/5dce30cad79a8,
90m_Covariate,DSM_Covariate,CSIRO,Climate,,Clim_EPRX,90m,90m,mm,Potential evaporation - max difference between successive months,0,0,https://doi.org/10.25919/5dce30cad79a8,
90m_Covariate,DSM_Covariate,CSIRO,Climate,,Clim_EPX,90m,90m,mm,Maximum monthly potential evaporation (mm),0,0,https://doi.org/10.25919/5dce30cad79a8,
90m_Covariate,DSM_Covariate,CSIRO,Climate,,Clim_fwofs,90m,90m,percent,WaterObservations from Space FRESHWATER(Split Fresh/Salt to deal with coastal systems),0,0,https://doi.org/10.25919/5dce30cad79a8,
90m_Covariate,DSM_Covariate,CSIRO,Climate,,Clim_PTA,90m,90m,mm,Annual precipitation (mm),0,0,https://doi.org/10.25919/5dce30cad79a8,
90m_Covariate,DSM_Covariate,CSIRO,Climate,,Clim_PTI,90m,90m,mm,Minimum monthly precipitation (mm),0,0,https://doi.org/10.25919/5dce30cad79a8,
90m_Covariate,DSM_Covariate,CSIRO,Climate,,Clim_PTRI,90m,90m,mm/day,Precipitation seasonality – minimum of differences between successive months,0,0,https://doi.org/10.25919/5dce30cad79a8,
90m_Covariate,DSM_Covariate,CSIRO,Climate,,Clim_PTRX,90m,90m,mm/day,Precipitation seasonality – maximum of differences between successive months,0,0,https://doi.org/10.25919/5dce30cad79a8,
90m_Covariate,DSM_Covariate,CSIRO,Climate,,Clim_PTS1,90m,90m,ratio,Precipitation seasonality 1- solstice seasonality composite factor ratio,0,0,https://doi.org/10.25919/5dce30cad79a8,
90m_Covariate,DSM_Covariate,CSIRO,Climate,,Clim_PTS1MP,90m,90m,ratio,Precipitation - solstice seasonality ratio alternative,0,0,https://doi.org/10.25919/5dce30cad79a8,
90m_Covariate,DSM_Covariate,CSIRO,Climate,,Clim_PTS2,90m,90m,ratio,Precipitation seasonality 2- equinox seasonality composite factor ratio,0,0,https://doi.org/10.25919/5dce30cad79a8,
90m_Covariate,DSM_Covariate,CSIRO,Climate,,Clim_PTS2MP,90m,90m,ratio,Precipitation - equinox seasonality ratio alternative,0,0,https://doi.org/10.25919/5dce30cad79a8,
90m_Covariate,DSM_Covariate,CSIRO,Climate,,Clim_PTSL1,90m,90m,none,Log Precip Seasonality 1,0,0,https://doi.org/10.25919/5dce30cad79a8,
90m_Covariate,DSM_Covariate,CSIRO,Climate,,Clim_PTSL2,90m,90m,none,Log Precip Seasonality 2,0,0,https://doi.org/10.25919/5dce30cad79a8,
90m_Covariate,DSM_Covariate,CSIRO,Climate,,Clim_PTX,90m,90m,mm,Maximum monthly precipitation (mm),0,0,https://doi.org/10.25919/5dce30cad79a8,
90m_Covariate,DSM_Covariate,BOM,Climate,,Clim_rainmaysep,90m,5km,mm,Average total rainfall for May to September,0,0,http://www.bom.gov.au/jsp/ncc/climate_averages/rainfall/index.jsp,
90m_Covariate,DSM_Covariate,BOM,Climate,,Clim_rainoctapr,90m,5km,mm,Average total rainfall for October to April,0,0,http://www.bom.gov.au/jsp/ncc/climate_averages/rainfall/index.jsp,
90m_Covariate,DSM_Covariate,CSIRO,Climate,,Clim_RSI,90m,90m,MJ/m2/day,Short-wave solar radiation - monthly minimum (SRAD data),0,0,https://doi.org/10.25919/5dce30cad79a8,
90m_Covariate,DSM_Covariate,CSIRO,Climate,,Clim_RSM,90m,90m,MJ/m2/day,Short-wave solar radiation - annual mean (SRAD data),0,0,https://doi.org/10.25919/5dce30cad79a8,
90m_Covariate,DSM_Covariate,CSIRO,Climate,,Clim_RSRI,90m,90m,MJ/m2/day,Short-wave solar radiation - min difference between successive months(SRAD data),0,0,https://doi.org/10.25919/5dce30cad79a8,
90m_Covariate,DSM_Covariate,CSIRO,Climate,,Clim_RSRX,90m,90m,MJ/m2/day,Short-wave solar radiation - max difference between successive months(SRAD data),0,0,https://doi.org/10.25919/5dce30cad79a8,
90m_Covariate,DSM_Covariate,CSIRO,Climate,,Clim_RSX,90m,90m,MJ/m2/day,Short-wave solar radiation - max difference between successive months(SRAD data),0,0,https://doi.org/10.25919/5dce30cad79a8,
90m_Covariate,DSM_Covariate,CSIRO,Climate,,Clim_swofs,90m,90m,percent,WaterObservations from Space SALTWATER(Split Fresh/Salt to deal with coastal systems),0,0,https://doi.org/10.25919/5dce30cad79a8,
90m_Covariate,DSM_Covariate,CSIRO,Climate,,Clim_TNI,90m,90m,degrees celcius,Minimum temperature - monthly minimum (°C),0,0,https://doi.org/10.25919/5dce30cad79a8,
90m_Covariate,DSM_Covariate,CSIRO,Climate,,Clim_TNM,90m,90m,degrees celcius,Minimum temperature – Annual mean (°C),0,0,https://doi.org/10.25919/5dce30cad79a8,
90m_Covariate,DSM_Covariate,CSIRO,Climate,,Clim_TNRI,90m,90m,degrees celcius per day,Temperature - min difference in min between successive months,0,0,https://doi.org/10.25919/5dce30cad79a8,
90m_Covariate,DSM_Covariate,CSIRO,Climate,,Clim_TNRX,90m,90m,degrees celcius per day,Temperature - max difference in min between successive months,0,0,https://doi.org/10.25919/5dce30cad79a8,
90m_Covariate,DSM_Covariate,CSIRO,Climate,,Clim_TNX,90m,90m,degrees celcius,Minimum temperature - monthly maximum (°C),0,0,https://doi.org/10.25919/5dce30cad79a8,
90m_Covariate,DSM_Covariate,CSIRO,Climate,,Clim_TRA,90m,90m,degrees celcius,Annual temperature range (TXX – TNI) (°C),0,0,https://doi.org/10.25919/5dce30cad79a8,
90m_Covariate,DSM_Covariate,CSIRO,Climate,,Clim_TRI,90m,90m,degrees celcius,Minimum monthly mean diurnal temperature range (°C),0,0,https://doi.org/10.25919/5dce30cad79a8,
90m_Covariate,DSM_Covariate,CSIRO,Climate,,Clim_TRX,90m,90m,degrees celcius,Maximum monthly mean diurnal temperature range (°C),0,0,https://doi.org/10.25919/5dce30cad79a8,
90m_Covariate,DSM_Covariate,CSIRO,Climate,,Clim_TXI,90m,90m,degrees celcius,Maximum temperature - monthly minimum (°C),0,0,https://doi.org/10.25919/5dce30cad79a8,
90m_Covariate,DSM_Covariate,CSIRO,Climate,,Clim_TXM,90m,90m,,,0,0,https://doi.org/10.25919/5dce30cad79a8,
90m_Covariate,DSM_Covariate,CSIRO,Climate,,Clim_TXRI,90m,90m,degrees celcius per day,Temperature - min difference in max between successive months,0,0,https://doi.org/10.25919/5dce30cad79a8,
90m_Covariate,DSM_Covariate,CSIRO,Climate,,Clim_TXRX,90m,90m,degrees celcius per day,Temperature - max difference in max between successive months,0,0,https://doi.org/10.25919/5dce30cad79a8,
90m_Covariate,DSM_Covariate,CSIRO,Climate,,Clim_TXX,90m,90m,degrees celcius,Maximum temperature - monthly maximum (°C),0,0,https://doi.org/10.25919/5dce30cad79a8,
90m_Covariate,DSM_Covariate,CSIRO,Climate,,Clim_WDA,90m,90m,mm,Annual atmospheric water deficit (annual precipitation – annual potential evaporation) (mm),0,0,https://doi.org/10.25919/5dce30cad79a8,
90m_Covariate,DSM_Covariate,CSIRO,Climate,,Clim_WDI,90m,90m,mm,Minimum monthly atmospheric water deficit (precipitation - potential evaporation) (mm),0,0,https://doi.org/10.25919/5dce30cad79a8,
90m_Covariate,DSM_Covariate,CSIRO,Climate,,Clim_WDRI,90m,90m,mm,Atmospheric water deficit seasonality – minimum of differences between successive months,0,0,https://doi.org/10.25919/5dce30cad79a8,
90m_Covariate,DSM_Covariate,CSIRO,Climate,,Clim_WDRX,90m,90m,mm/day,Atmospheric water deficit seasonality – maximum of differences between successive months,0,0,https://doi.org/10.25919/5dce30cad79a8,
90m_Covariate,DSM_Covariate,CSIRO,Climate,,Clim_WDX,90m,90m,mm/day,Maximum monthly atmospheric water deficit (precipitation - potential evaporation) (mm),0,0,https://doi.org/10.25919/5dce30cad79a8,
90m_Covariate,DSM_Covariate,,Relief,,Relief_dem_foc2,90m,3 arc-second,none,Not sure what this one is - some manner of focal average most likely,0,0,,
90m_Covariate,DSM_Covariate,Geoscience Australia,Parent_Material,,PM_distance_to_outcrop,90m,3 arc-second,,Distance from the nearest rock outcrop,0,0,,
90m_Covariate,DSM_Covariate,,Other,,Other_gg_clip,90m,3 arc-second,,,0,0,,
90m_Covariate,DSM_Covariate,Geoscience Australia,Parent_Material,,PM_magmap_v7_2019_1VD,90m,0.004 Degrees,none,"Total Magnetic Intensity (TMI) grid of Magnetic Map of Australia. 3rd Edition, 1999 survey - 1VD",0,0,https://data.gov.au/dataset/ds-ga-4c73554d-979c-4445-a12a-c7a5f1e809d9/details?q=magnetics,
90m_Covariate,DSM_Covariate,Geoscience Australia,Parent_Material,,PM_magmap_v7_2019_RTP,90m,0.004 Degrees,none,"Total Magnetic Intensity (TMI) grid of Magnetic Map of Australia. 3rd Edition, 1999 survey - RTP",0,0,https://data.gov.au/dataset/ds-ga-4c73554d-979c-4445-a12a-c7a5f1e809d9/details?q=magnetics,
90m_Covariate,DSM_Covariate,Geoscience Australia,Parent_Material,,PM_magmap_v7_2019_TMI,90m,0.004 Degrees,none,"Total Magnetic Intensity (TMI) grid of Magnetic Map of Australia. 3rd Edition, 1999 survey - TMI",0,0,https://data.gov.au/dataset/ds-ga-4c73554d-979c-4445-a12a-c7a5f1e809d9/details?q=magnetics,
90m_Covariate,DSM_Covariate,Geoscience Australia,Parent_Material,,PM_radmap_v4_2019_filtered_dose_GAPFilled,90m,0.001 Degrees,none,Radiometric grid of Australia (Radmap) v4 2019 - Filtered dose,0,0,https://data.gov.au/dataset/ds-ga-0d9a959a-f3f6-cb51-e053-12a3070ab5f9/details?q=radiometric%20map,
90m_Covariate,DSM_Covariate,Geoscience Australia,Parent_Material,,PM_radmap_v4_2019_filtered_pctk_GAPFilled,90m,0.001 Degrees,percent,Radiometric grid of Australia (Radmap) v4 2019 - Potassium,0,0,https://data.gov.au/dataset/ds-ga-0d9a959a-f3f6-cb51-e053-12a3070ab5f9/details?q=radiometric%20map,
90m_Covariate,DSM_Covariate,Geoscience Australia,Parent_Material,,PM_radmap_v4_2019_filtered_ppmt_GAPFilled,90m,0.001 Degrees,ppm,Radiometric grid of Australia (Radmap) v4 2019 - Thorium,0,0,https://data.gov.au/dataset/ds-ga-0d9a959a-f3f6-cb51-e053-12a3070ab5f9/details?q=radiometric%20map,
90m_Covariate,DSM_Covariate,Geoscience Australia,Parent_Material,,PM_radmap_v4_2019_filtered_ppmu_GAPFilled,90m,0.001 Degrees,ppm,Radiometric grid of Australia (Radmap) v4 2019 - Uranium,0,0,https://data.gov.au/dataset/ds-ga-0d9a959a-f3f6-cb51-e053-12a3070ab5f9/details?q=radiometric%20map,
90m_Covariate,DSM_Covariate,Geoscience Australia,Parent_Material,,PM_radmap_v4_2019_ratio_tk_GAPFilled,90m,0.001 Degrees,ratio,Radiometric grid of Australia (Radmap) v4 2019 - Thorium Potassium ratio,0,0,https://data.gov.au/dataset/ds-ga-0d9a959a-f3f6-cb51-e053-12a3070ab5f9/details?q=radiometric%20map,
90m_Covariate,DSM_Covariate,Geoscience Australia,Parent_Material,,PM_radmap_v4_2019_ratio_u2t_GAPFilled,90m,0.001 Degrees,ratio,Radiometric grid of Australia (Radmap) v4 2019 - Uranium Thorium ratio,0,0,https://data.gov.au/dataset/ds-ga-0d9a959a-f3f6-cb51-e053-12a3070ab5f9/details?q=radiometric%20map,
90m_Covariate,DSM_Covariate,Geoscience Australia,Parent_Material,,PM_radmap_v4_2019_ratio_uk_GAPFilled,90m,0.001 Degrees,ratio,Radiometric grid of Australia (Radmap) v4 2019 - Uranium Potassium ratio,0,0,https://data.gov.au/dataset/ds-ga-0d9a959a-f3f6-cb51-e053-12a3070ab5f9/details?q=radiometric%20map,
90m_Covariate,DSM_Covariate,Geoscience Australia,Parent_Material,,PM_radmap_v4_2019_ratio_ut_GAPFilled,90m,0.001 Degrees,ratio,Radiometric grid of Australia (Radmap) v4 2019 - Uranium Thorium ratio,0,0,https://data.gov.au/dataset/ds-ga-0d9a959a-f3f6-cb51-e053-12a3070ab5f9/details?q=radiometric%20map,
90m_Covariate,DSM_Covariate,CSIRO,Parent_Material,,PM_Silica,90m,NA,none,Estimated silica content of the geology,0,0,,
90m_Covariate,DSM_Covariate,,Relief,,Relief_rel_foc,90m,3 arc-second,none,,0,0,,
90m_Covariate,DSM_Covariate,CSIRO,Relief,,Relief_geomorphons,90m,3 arc-second,none,Geomorphons,0,0,,
90m_Covariate,DSM_Covariate,CSIRO,Relief,,Relief_mrrtf_3s,90m,1 arc-second,none,Multi-resolution Ridge Top Flatness (MrRTF),0,0,https://doi.org/10.4225/08/56EA312A5E63B,
90m_Covariate,DSM_Covariate,Geoscience Australia,Other,,Other_BLUE,90m,25m,none,Barest Earth Landsat Imagery - BLUE,0,0,https://aussoilsdsm.esoil.io/covariate-data/ga-bare-earth-covariates,
90m_Covariate,DSM_Covariate,Geoscience Australia,Other,,Other_CARBONATE-QUARTZ-BLUE+SWIR2,90m,25m,none,Barest Earth Landsat Imagery - CARBONATE-QUARTZ-BLUE+SWIR2,0,0,https://aussoilsdsm.esoil.io/covariate-data/ga-bare-earth-covariates,
90m_Covariate,DSM_Covariate,Geoscience Australia,Other,,Other_FERRIC-PC2,90m,25m,none,Barest Earth Landsat Imagery - FERRIC-PC2,0,0,https://aussoilsdsm.esoil.io/covariate-data/ga-bare-earth-covariates,
90m_Covariate,DSM_Covariate,Geoscience Australia,Other,,Other_FERRIC-PC4,90m,25m,none,Barest Earth Landsat Imagery - FERRIC-PC4,0,0,https://aussoilsdsm.esoil.io/covariate-data/ga-bare-earth-covariates,
90m_Covariate,DSM_Covariate,Geoscience Australia,Other,,Other_GREEN,90m,25m,none,Barest Earth Landsat Imagery - GREEN,0,0,https://aussoilsdsm.esoil.io/covariate-data/ga-bare-earth-covariates,
90m_Covariate,DSM_Covariate,Geoscience Australia,Other,,Other_HS_ICESatGLAS,90m,25m,none,Barest Earth Landsat Imagery - HS_ICESatGLAS,0,0,https://aussoilsdsm.esoil.io/covariate-data/ga-bare-earth-covariates,
90m_Covariate,DSM_Covariate,Geoscience Australia,Other,,Other_HYDROXYL-1-PC1,90m,25m,none,Barest Earth Landsat Imagery - HYDROXYL-1-PC1,0,0,https://aussoilsdsm.esoil.io/covariate-data/ga-bare-earth-covariates,
90m_Covariate,DSM_Covariate,Geoscience Australia,Other,,Other_HYDROXYL-1-PC2,90m,25m,none,Barest Earth Landsat Imagery - HYDROXYL-1-PC2,0,0,https://aussoilsdsm.esoil.io/covariate-data/ga-bare-earth-covariates,
90m_Covariate,DSM_Covariate,Geoscience Australia,Other,,Other_HYDROXYL-2-PC2,90m,25m,none,Barest Earth Landsat Imagery - HYDROXYL-2-PC2,0,0,https://aussoilsdsm.esoil.io/covariate-data/ga-bare-earth-covariates,
90m_Covariate,DSM_Covariate,Geoscience Australia,Other,,Other_HYDROXYL-3-PC3,90m,25m,none,Barest Earth Landsat Imagery - HYDROXYL-3-PC3,0,0,https://aussoilsdsm.esoil.io/covariate-data/ga-bare-earth-covariates,
90m_Covariate,DSM_Covariate,Geoscience Australia,Other,,Other_HYDROXYL-3-PC4,90m,25m,none,Barest Earth Landsat Imagery - HYDROXYL-3-PC4,0,0,https://aussoilsdsm.esoil.io/covariate-data/ga-bare-earth-covariates,
90m_Covariate,DSM_Covariate,Geoscience Australia,Organisms,,Veg_Landsat30Bare_1,90m,25m,none,Barest Earth Landsat Imagery - Landsat30Bare_1,0,0,https://aussoilsdsm.esoil.io/covariate-data/ga-bare-earth-covariates,
90m_Covariate,DSM_Covariate,Geoscience Australia,Organisms,,Veg_Landsat30Bare_2,90m,25m,none,Barest Earth Landsat Imagery - Landsat30Bare_2,0,0,https://aussoilsdsm.esoil.io/covariate-data/ga-bare-earth-covariates,
90m_Covariate,DSM_Covariate,Geoscience Australia,Organisms,,Veg_Landsat30Bare_3,90m,25m,none,Barest Earth Landsat Imagery - Landsat30Bare_3,0,0,https://aussoilsdsm.esoil.io/covariate-data/ga-bare-earth-covariates,
90m_Covariate,DSM_Covariate,Geoscience Australia,Organisms,,Veg_Landsat30Bare_4,90m,25m,none,Barest Earth Landsat Imagery - Landsat30Bare_4,0,0,https://aussoilsdsm.esoil.io/covariate-data/ga-bare-earth-covariates,
90m_Covariate,DSM_Covariate,Geoscience Australia,Organisms,,Veg_Landsat30Bare_5,90m,25m,none,Barest Earth Landsat Imagery - Landsat30Bare_5,0,0,https://aussoilsdsm.esoil.io/covariate-data/ga-bare-earth-covariates,
90m_Covariate,DSM_Covariate,Geoscience Australia,Organisms,,Veg_Landsat30Bare_6,90m,25m,none,Barest Earth Landsat Imagery - Landsat30Bare_6,0,0,https://aussoilsdsm.esoil.io/covariate-data/ga-bare-earth-covariates,
90m_Covariate,DSM_Covariate,Geoscience Australia,Organisms,,Veg_Landsat8Bare1,90m,25m,none,Barest Earth Landsat Imagery - Landsat8Bare1,0,0,https://aussoilsdsm.esoil.io/covariate-data/ga-bare-earth-covariates,
90m_Covariate,DSM_Covariate,Geoscience Australia,Organisms,,Veg_Landsat8Bare2,90m,25m,none,Barest Earth Landsat Imagery - Landsat8Bare2,0,0,https://aussoilsdsm.esoil.io/covariate-data/ga-bare-earth-covariates,
90m_Covariate,DSM_Covariate,Geoscience Australia,Organisms,,Veg_Landsat8Bare3,90m,25m,none,Barest Earth Landsat Imagery - Landsat8Bare3,0,0,https://aussoilsdsm.esoil.io/covariate-data/ga-bare-earth-covariates,
90m_Covariate,DSM_Covariate,Geoscience Australia,Organisms,,Veg_Landsat8Bare4,90m,25m,none,Barest Earth Landsat Imagery - Landsat8Bare4,0,0,https://aussoilsdsm.esoil.io/covariate-data/ga-bare-earth-covariates,
90m_Covariate,DSM_Covariate,Geoscience Australia,Organisms,,Veg_Landsat8Bare5,90m,25m,none,Barest Earth Landsat Imagery - Landsat8Bare5,0,0,https://aussoilsdsm.esoil.io/covariate-data/ga-bare-earth-covariates,
90m_Covariate,DSM_Covariate,Geoscience Australia,Organisms,,Veg_Landsat8Bare6,90m,25m,none,Barest Earth Landsat Imagery - Landsat8Bare6,0,0,https://aussoilsdsm.esoil.io/covariate-data/ga-bare-earth-covariates,
90m_Covariate,DSM_Covariate,Geoscience Australia,Other,,Other_ND-NIR-GREEN,90m,25m,none,Barest Earth Landsat Imagery - ND-NIR-GREEN,0,0,https://aussoilsdsm.esoil.io/covariate-data/ga-bare-earth-covariates,
90m_Covariate,DSM_Covariate,Geoscience Australia,Other,,Other_ND-RED-BLUE,90m,25m,none,Barest Earth Landsat Imagery - ND-RED-BLUE,0,0,https://aussoilsdsm.esoil.io/covariate-data/ga-bare-earth-covariates,
90m_Covariate,DSM_Covariate,Geoscience Australia,Other,,Other_ND-RED-GREEN,90m,25m,none,Barest Earth Landsat Imagery - ND-RED-GREEN,0,0,https://aussoilsdsm.esoil.io/covariate-data/ga-bare-earth-covariates,
90m_Covariate,DSM_Covariate,Geoscience Australia,Other,,Other_ND-SWIR1-BLUE,90m,25m,none,Barest Earth Landsat Imagery - ND-SWIR1-BLUE,0,0,https://aussoilsdsm.esoil.io/covariate-data/ga-bare-earth-covariates,
90m_Covariate,DSM_Covariate,Geoscience Australia,Other,,Other_ND-SWIR1-NIR,90m,25m,none,Barest Earth Landsat Imagery - ND-SWIR1-NIR,0,0,https://aussoilsdsm.esoil.io/covariate-data/ga-bare-earth-covariates,
90m_Covariate,DSM_Covariate,Geoscience Australia,Other,,Other_ND-SWIR1-SWIR2,90m,25m,none,Barest Earth Landsat Imagery - ND-SWIR1-SWIR2,0,0,https://aussoilsdsm.esoil.io/covariate-data/ga-bare-earth-covariates,
90m_Covariate,DSM_Covariate,Geoscience Australia,Other,,Other_ND-SWIR2-GREEN,90m,25m,none,Barest Earth Landsat Imagery - ND-SWIR2-GREEN,0,0,https://aussoilsdsm.esoil.io/covariate-data/ga-bare-earth-covariates,
90m_Covariate,DSM_Covariate,Geoscience Australia,Other,,Other_ND-SWIR2-NIR,90m,25m,none,Barest Earth Landsat Imagery - ND-SWIR2-NIR,0,0,https://aussoilsdsm.esoil.io/covariate-data/ga-bare-earth-covariates,
90m_Covariate,DSM_Covariate,Geoscience Australia,Other,,Other_ND-SWIR2-RED,90m,25m,none,Barest Earth Landsat Imagery - ND-SWIR2-RED,0,0,https://aussoilsdsm.esoil.io/covariate-data/ga-bare-earth-covariates,
90m_Covariate,DSM_Covariate,Geoscience Australia,Other,,Other_NIR,90m,25m,none,Barest Earth Landsat Imagery - NIR,0,0,https://aussoilsdsm.esoil.io/covariate-data/ga-bare-earth-covariates,
90m_Covariate,DSM_Covariate,Geoscience Australia,Other,,Other_RED,90m,25m,none,Barest Earth Landsat Imagery - RED,0,0,https://aussoilsdsm.esoil.io/covariate-data/ga-bare-earth-covariates,
90m_Covariate,DSM_Covariate,Geoscience Australia,Other,,Other_SWIR1,90m,25m,none,Barest Earth Landsat Imagery - SWIR1,0,0,https://aussoilsdsm.esoil.io/covariate-data/ga-bare-earth-covariates,
90m_Covariate,DSM_Covariate,Geoscience Australia,Other,,Other_SWIR2,90m,25m,none,Barest Earth Landsat Imagery - SWIR2,0,0,https://aussoilsdsm.esoil.io/covariate-data/ga-bare-earth-covariates,
90m_Covariate,DSM_Covariate,,Climate,,Clim_agroClim_hutch,90m,90m,none,AgroClimatic Index,0,0,,
90m_Covariate,DSM_Covariate,CSIRO,Location,,LOC_distance_to_coast,90m,90m,Degrees,Eucludian distance from the coastline,0,0,None,
90m_Covariate,DSM_Covariate,CSIRO,Location,,LOC_lats,90m,90m,Degrees,Latitudes,0,0,None,
90m_Covariate,DSM_Covariate,CSIRO,Location,,LOC_longs,90m,90m,Degrees,Longitudes,0,0,None,
30m_Covariate,DSM_Covariate,BOM,Climate,,Clim_tdayann,30m,5km,percent,Average thunder days -  Annual,0,0,http://www.bom.gov.au/jsp/ncc/climate_averages/sunshine-hours/index.jsp,
30m_Covariate,DSM_Covariate,Geoscience Australia,Parent_Material,,PM_Gravity,30m,Unkown,none,Fifth Edition Total Magnetic Intensity (TMI) Anomaly Grid of Australia,0,0,\\wron\GIS\national\geophysics\magmap_V5_2010\magmap_V5_2010.doc\\wron\GIS\national\geophysics\magmap_V5_2010\magmap_V5_2010.doc,
30m_Covariate,DSM_Covariate,Geoscience Australia,Parent_Material,,PM_Lithology_Map_Symbol,30m,NA,none,Surface Geology of Australia 1:1 million scale dataset 2012 edition - Geologic Unit,0,0,http://www.ga.gov.au/meta/ANZCW0703016455.html,
30m_Covariate,DSM_Covariate,Geoscience Australia,Parent_Material,,PM_Lithology_Min_Geol_Age,30m,NA,none,Surface Geology of Australia 1:1 million scale dataset 2012 edition - Minimum Geologic Age,0,0,http://www.ga.gov.au/meta/ANZCW0703016455.html,
30m_Covariate,DSM_Covariate,Geoscience Australia,Parent_Material,,PM_Lithology_Unit_Type,30m,NA,none,Surface Geology of Australia 1:1 million scale dataset 2012 edition - Lithology Type,0,0,http://www.ga.gov.au/meta/ANZCW0703016455.html,
30m_Covariate,DSM_Covariate,Geoscience Australia,Parent_Material,,PM_Weathering_Index,30m,90m,none,Weathering Index,0,0,,
30m_Covariate,DSM_Covariate,CSIRO,Soil,,Soil_Atlas,30m,none,none,Atlas of Australian Soils (1:2 million),0,0,\\wron\GIS\national\soils\ATLAS\soilAtlas2M_Metadata.doc,
30m_Covariate,DSM_Covariate,CSIRO,Soil,,Soil_Illite,30m,0.0008333 Degrees,percent,Maps clay minerals –  illite in Australian soils - 0 - 20cm,0,0,https://doi.org/10.4225/08/55DFFCA4715D8,
30m_Covariate,DSM_Covariate,CSIRO,Soil,,Soil_Kaolinite,30m,0.0008333 Degrees,percent,Maps clay minerals – kaolinite in Australian soils - 0 - 20cm,0,0,https://doi.org/10.4225/08/55DFFCA4715D8,
30m_Covariate,DSM_Covariate,CSIRO,Soil,,Soil_Smectite,30m,0.0008333 Degrees,percent,Maps clay minerals –  smectite in Australian soils - 0 - 20cm,0,0,https://doi.org/10.4225/08/55DFFCA4715D8,
30m_Covariate,DSM_Covariate,"Time Series Remote Sensing Team, CSIRO Land and Water",Organisms,,Veg_AVHRR_FPAR_Mean,30m,0.01 Degrees,percent,Fraction of Photosynthetically Active Radiation (FPAR) - AVHRR  CSIRO Land and Water algorithm  Australia coverage - Mean Value in Timeseries,0,0,https://portal.tern.org.au/fraction-photosynthetically-active-australia-coverage/20992,
30m_Covariate,DSM_Covariate,"Time Series Remote Sensing Team, CSIRO Land and Water",Organisms,,Veg_AVHRR_FPAR_Median,30m,0.01 Degrees,percent,Fraction of Photosynthetically Active Radiation (FPAR) - AVHRR  CSIRO Land and Water algorithm  Australia coverage - Median Value in Timeseries,0,0,https://portal.tern.org.au/fraction-photosynthetically-active-australia-coverage/20992,
30m_Covariate,DSM_Covariate,"Time Series Remote Sensing Team, CSIRO Land and Water",Organisms,,Veg_AVHRR_FPAR_Min,30m,0.01 Degrees,percent,Fraction of Photosynthetically Active Radiation (FPAR) - AVHRR  CSIRO Land and Water algorithm  Australia coverage - Minimum Value in Timeseries,0,0,https://portal.tern.org.au/fraction-photosynthetically-active-australia-coverage/20992,
30m_Covariate,DSM_Covariate,"Time Series Remote Sensing Team, CSIRO Land and Water",Organisms,,Veg_AVHRR_FPAR_StdDev,30m,0.01 Degrees,percent,Fraction of Photosynthetically Active Radiation (FPAR) - AVHRR  CSIRO Land and Water algorithm  Australia coverage - Standard Deviation of Value in Timeseries,0,0,https://portal.tern.org.au/fraction-photosynthetically-active-australia-coverage/20992,
30m_Covariate,DSM_Covariate,"Australian Government Department of the Environment, Water, Heritage and the  Arts",Organisms,,Veg_IBRA_regions,30m,NA,,Interim Biogeographic Regionalisation for Australia (IBRA)  Version 6_1,0,0,https://www.environment.gov.au/fed/catalog/search/resource/details.page?uuid=%7B12DACC6D-128F-4FEB-A93F-972BFC9E249E%7D,
30m_Covariate,DSM_Covariate,Geoscience Australia,Organisms,,Veg_LandCoverTrend_evi_class,30m,0.00234899 Degrees,None,National Dynamic Land Cover Dataset Class,0,0,https://www.ga.gov.au/products/servlet/controller?event=GEOCAT_DETAILS&catno=71069https://www.ga.gov.au/products/servlet/controller?event=GEOCAT_DETAILS&catno=71069,
30m_Covariate,DSM_Covariate,Geoscience Australia,Organisms,,Veg_LandCoverTrend_evi_max,30m,0.00234899 Degrees,None,National Dynamic Land Cover Dataset Maximum of the timeseries 2000 - 2008,0,0,https://www.ga.gov.au/products/servlet/controller?event=GEOCAT_DETAILS&catno=71069,
30m_Covariate,DSM_Covariate,Geoscience Australia,Organisms,,Veg_LandCoverTrend_evi_mean,30m,0.00234899 Degrees,None,National Dynamic Land Cover Dataset Mean  of the timeseries 2000 - 2008,0,0,https://www.ga.gov.au/products/servlet/controller?event=GEOCAT_DETAILS&catno=71069,
30m_Covariate,DSM_Covariate,Geoscience Australia,Organisms,,Veg_LandCoverTrend_evi_min,30m,0.00234899 Degrees,None,National Dynamic Land Cover Dataset Minimum  of the timeseries 2000 - 2008,0,0,https://www.ga.gov.au/products/servlet/controller?event=GEOCAT_DETAILS&catno=71069,
30m_Covariate,DSM_Covariate,JRSRP,Organisms,,Veg_Persistant_green_Veg,30m,NA,,Landsat 2000-2010 Persistent Green-Vegetation Fraction,0,0,http://data.auscover.org.au/xwiki/bin/view/Product+pages/Persistent+Green-Vegetation+Fraction,
30m_Covariate,DSM_Covariate,"Australian Government Department of Agriculture, Water and the Environment",Organisms,,Veg_preEuropeanVeg,30m,100m,,Pre-European Veg,0,0,http://environment.gov.au/fed/catalog/search/resource/details.page?uuid=%7B382D536D-FA34-474F-89F2-305BB45E6F2B%7D,
30m_Covariate,DSM_Covariate,CSIRO,Climate,,Clim_ADI,30m,90m,index,Minimum monthly aridity index,0,0,https://doi.org/10.25919/5dce30cad79a8,
30m_Covariate,DSM_Covariate,CSIRO,Climate,,Clim_ADM,30m,90m,index,Mean annual aridity index (annual precipitation/ annual potential evaporation),0,0,https://doi.org/10.25919/5dce30cad79a8,
30m_Covariate,DSM_Covariate,CSIRO,Climate,,Clim_ADRI,30m,90m,index,Aridity Index (PT/EP) - min difference between successive months,0,0,https://doi.org/10.25919/5dce30cad79a8,
30m_Covariate,DSM_Covariate,CSIRO,Climate,,Clim_ADRX,30m,90m,index,Aridity Index (PT/EP)- max difference between successive months,0,0,https://doi.org/10.25919/5dce30cad79a8,
30m_Covariate,DSM_Covariate,CSIRO,Climate,,Clim_ADX,30m,90m,index,Aridity Index (PT/EP)- max difference between successive months,0,0,https://doi.org/10.25919/5dce30cad79a8,
30m_Covariate,DSM_Covariate,CSIRO,Climate,,Clim_EAAS,30m,90m,mm,Annual total actual evapotranspiration modelled using terrain-scaled water holding capacity (mm),0,0,https://doi.org/10.25919/5dce30cad79a8,
30m_Covariate,DSM_Covariate,CSIRO,Climate,,Clim_EPA,30m,90m,mm,Annual potential evaporation (mm),0,0,https://doi.org/10.25919/5dce30cad79a8,
30m_Covariate,DSM_Covariate,CSIRO,Climate,,Clim_EPI,30m,90m,mm,Minimum monthly potential evaporation (mm),0,0,https://doi.org/10.25919/5dce30cad79a8,
30m_Covariate,DSM_Covariate,CSIRO,Climate,,Clim_EPRI,30m,90m,mm,Potential evaporation - min difference between successive months,0,0,https://doi.org/10.25919/5dce30cad79a8,
30m_Covariate,DSM_Covariate,CSIRO,Climate,,Clim_EPRX,30m,90m,mm,Potential evaporation - max difference between successive months,0,0,https://doi.org/10.25919/5dce30cad79a8,
30m_Covariate,DSM_Covariate,CSIRO,Climate,,Clim_EPX,30m,90m,mm,Maximum monthly potential evaporation (mm),0,0,https://doi.org/10.25919/5dce30cad79a8,
30m_Covariate,DSM_Covariate,CSIRO,Climate,,Clim_fwofs,30m,90m,percent,WaterObservations from Space FRESHWATER(Split Fresh/Salt to deal with coastal systems),0,0,https://doi.org/10.25919/5dce30cad79a8,
30m_Covariate,DSM_Covariate,CSIRO,Climate,,Clim_PTA,30m,90m,mm,Annual precipitation (mm),0,0,https://doi.org/10.25919/5dce30cad79a8,
30m_Covariate,DSM_Covariate,CSIRO,Climate,,Clim_PTI,30m,90m,mm,Minimum monthly precipitation (mm),0,0,https://doi.org/10.25919/5dce30cad79a8,
30m_Covariate,DSM_Covariate,CSIRO,Climate,,Clim_PTRI,30m,90m,mm/day,Precipitation seasonality – minimum of differences between successive months,0,0,https://doi.org/10.25919/5dce30cad79a8,
30m_Covariate,DSM_Covariate,CSIRO,Climate,,Clim_PTRX,30m,90m,mm/day,Precipitation seasonality – maximum of differences between successive months,0,0,https://doi.org/10.25919/5dce30cad79a8,
30m_Covariate,DSM_Covariate,CSIRO,Climate,,Clim_PTS1,30m,90m,ratio,Precipitation seasonality 1- solstice seasonality composite factor ratio,0,0,https://doi.org/10.25919/5dce30cad79a8,
30m_Covariate,DSM_Covariate,CSIRO,Climate,,Clim_PTS1MP,30m,90m,ratio,Precipitation - solstice seasonality ratio alternative,0,0,https://doi.org/10.25919/5dce30cad79a8,
30m_Covariate,DSM_Covariate,CSIRO,Climate,,Clim_PTS2,30m,90m,ratio,Precipitation seasonality 2- equinox seasonality composite factor ratio,0,0,https://doi.org/10.25919/5dce30cad79a8,
30m_Covariate,DSM_Covariate,CSIRO,Climate,,Clim_PTS2MP,30m,90m,ratio,Precipitation - equinox seasonality ratio alternative,0,0,https://doi.org/10.25919/5dce30cad79a8,
30m_Covariate,DSM_Covariate,CSIRO,Climate,,Clim_PTSL1,30m,90m,none,Log Precip Seasonality 1,0,0,https://doi.org/10.25919/5dce30cad79a8,
30m_Covariate,DSM_Covariate,CSIRO,Climate,,Clim_PTSL2,30m,90m,none,Log Precip Seasonality 2,0,0,https://doi.org/10.25919/5dce30cad79a8,
30m_Covariate,DSM_Covariate,CSIRO,Climate,,Clim_PTX,30m,90m,mm,Maximum monthly precipitation (mm),0,0,https://doi.org/10.25919/5dce30cad79a8,
30m_Covariate,DSM_Covariate,CSIRO,Climate,,Clim_RSI,30m,90m,MJ/m2/day,Short-wave solar radiation - monthly minimum (SRAD data),0,0,https://doi.org/10.25919/5dce30cad79a8,
30m_Covariate,DSM_Covariate,CSIRO,Climate,,Clim_RSM,30m,90m,MJ/m2/day,Short-wave solar radiation - annual mean (SRAD data),0,0,https://doi.org/10.25919/5dce30cad79a8,
30m_Covariate,DSM_Covariate,CSIRO,Climate,,Clim_RSRI,30m,90m,MJ/m2/day,Short-wave solar radiation - min difference between successive months(SRAD data),0,0,https://doi.org/10.25919/5dce30cad79a8,
30m_Covariate,DSM_Covariate,CSIRO,Climate,,Clim_RSRX,30m,90m,MJ/m2/day,Short-wave solar radiation - max difference between successive months(SRAD data),0,0,https://doi.org/10.25919/5dce30cad79a8,
30m_Covariate,DSM_Covariate,CSIRO,Climate,,Clim_RSX,30m,90m,MJ/m2/day,Short-wave solar radiation - max difference between successive months(SRAD data),0,0,https://doi.org/10.25919/5dce30cad79a8,
30m_Covariate,DSM_Covariate,CSIRO,Climate,,Clim_TNI,30m,90m,degrees celcius,Minimum temperature - monthly minimum (°C),0,0,https://doi.org/10.25919/5dce30cad79a8,
30m_Covariate,DSM_Covariate,CSIRO,Climate,,Clim_TNM,30m,90m,degrees celcius,Minimum temperature – Annual mean (°C),0,0,https://doi.org/10.25919/5dce30cad79a8,
30m_Covariate,DSM_Covariate,CSIRO,Climate,,Clim_TNRI,30m,90m,degrees celcius per day,Temperature - min difference in min between successive months,0,0,https://doi.org/10.25919/5dce30cad79a8,
30m_Covariate,DSM_Covariate,CSIRO,Climate,,Clim_TRA,30m,90m,degrees celcius,Annual temperature range (TXX – TNI) (°C),0,0,https://doi.org/10.25919/5dce30cad79a8,
30m_Covariate,DSM_Covariate,CSIRO,Climate,,Clim_TRI,30m,90m,degrees celcius,Minimum monthly mean diurnal temperature range (°C),0,0,https://doi.org/10.25919/5dce30cad79a8,
30m_Covariate,DSM_Covariate,CSIRO,Climate,,Clim_TRX,30m,90m,degrees celcius,Maximum monthly mean diurnal temperature range (°C),0,0,https://doi.org/10.25919/5dce30cad79a8,
30m_Covariate,DSM_Covariate,CSIRO,Climate,,Clim_TXI,30m,90m,degrees celcius,Maximum temperature - monthly minimum (°C),0,0,https://doi.org/10.25919/5dce30cad79a8,
30m_Covariate,DSM_Covariate,CSIRO,Climate,,Clim_TXRI,30m,90m,degrees celcius per day,Temperature - min difference in max between successive months,0,0,https://doi.org/10.25919/5dce30cad79a8,
30m_Covariate,DSM_Covariate,CSIRO,Climate,,Clim_TXX,30m,90m,degrees celcius,Maximum temperature - monthly maximum (°C),0,0,https://doi.org/10.25919/5dce30cad79a8,
30m_Covariate,DSM_Covariate,CSIRO,Climate,,Clim_WDA,30m,90m,mm,Annual atmospheric water deficit (annual precipitation – annual potential evaporation) (mm),0,0,https://doi.org/10.25919/5dce30cad79a8,
30m_Covariate,DSM_Covariate,CSIRO,Climate,,Clim_WDI,30m,90m,mm,Minimum monthly atmospheric water deficit (precipitation - potential evaporation) (mm),0,0,https://doi.org/10.25919/5dce30cad79a8,
30m_Covariate,DSM_Covariate,CSIRO,Climate,,Clim_WDRI,30m,90m,mm,Atmospheric water deficit seasonality – minimum of differences between successive months,0,0,https://doi.org/10.25919/5dce30cad79a8,
30m_Covariate,DSM_Covariate,CSIRO,Climate,,Clim_WDRX,30m,90m,mm/day,Atmospheric water deficit seasonality – maximum of differences between successive months,0,0,https://doi.org/10.25919/5dce30cad79a8,
30m_Covariate,DSM_Covariate,CSIRO,Climate,,Clim_WDX,30m,90m,mm/day,Maximum monthly atmospheric water deficit (precipitation - potential evaporation) (mm),0,0,https://doi.org/10.25919/5dce30cad79a8,
30m_Covariate,DSM_Covariate,Geoscience Australia,Parent_Material,,PM_magmap_v7_2019_1VD,30m,0.004 Degrees,none,"Total Magnetic Intensity (TMI) grid of Magnetic Map of Australia. 3rd Edition, 1999 survey - 1VD",0,0,https://data.gov.au/dataset/ds-ga-4c73554d-979c-4445-a12a-c7a5f1e809d9/details?q=magnetics,
30m_Covariate,DSM_Covariate,Geoscience Australia,Parent_Material,,PM_magmap_v7_2019_RTP,30m,0.004 Degrees,none,"Total Magnetic Intensity (TMI) grid of Magnetic Map of Australia. 3rd Edition, 1999 survey - RTP",0,0,https://data.gov.au/dataset/ds-ga-4c73554d-979c-4445-a12a-c7a5f1e809d9/details?q=magnetics,
30m_Covariate,DSM_Covariate,Geoscience Australia,Parent_Material,,PM_magmap_v7_2019_TMI,30m,0.004 Degrees,none,"Total Magnetic Intensity (TMI) grid of Magnetic Map of Australia. 3rd Edition, 1999 survey - TMI",0,0,https://data.gov.au/dataset/ds-ga-4c73554d-979c-4445-a12a-c7a5f1e809d9/details?q=magnetics,
30m_Covariate,DSM_Covariate,Geoscience Australia,Parent_Material,,PM_radmap_v4_2019_filtered_dose_GAPFilled,30m,0.001 Degrees,none,Radiometric grid of Australia (Radmap) v4 2019 - Filtered dose,0,0,https://data.gov.au/dataset/ds-ga-0d9a959a-f3f6-cb51-e053-12a3070ab5f9/details?q=radiometric%20map,
30m_Covariate,DSM_Covariate,Geoscience Australia,Parent_Material,,PM_radmap_v4_2019_filtered_pctk_GAPFilled,30m,0.001 Degrees,percent,Radiometric grid of Australia (Radmap) v4 2019 - Potassium,0,0,https://data.gov.au/dataset/ds-ga-0d9a959a-f3f6-cb51-e053-12a3070ab5f9/details?q=radiometric%20map,
30m_Covariate,DSM_Covariate,Geoscience Australia,Parent_Material,,PM_radmap_v4_2019_filtered_ppmt_GAPFilled,30m,0.001 Degrees,ppm,Radiometric grid of Australia (Radmap) v4 2019 - Thorium,0,0,https://data.gov.au/dataset/ds-ga-0d9a959a-f3f6-cb51-e053-12a3070ab5f9/details?q=radiometric%20map,
30m_Covariate,DSM_Covariate,Geoscience Australia,Parent_Material,,PM_radmap_v4_2019_filtered_ppmu_GAPFilled,30m,0.001 Degrees,ppm,Radiometric grid of Australia (Radmap) v4 2019 - Uranium,0,0,https://data.gov.au/dataset/ds-ga-0d9a959a-f3f6-cb51-e053-12a3070ab5f9/details?q=radiometric%20map,
30m_Covariate,DSM_Covariate,Geoscience Australia,Parent_Material,,PM_radmap_v4_2019_ratio_tk_GAPFilled,30m,0.001 Degrees,ratio,Radiometric grid of Australia (Radmap) v4 2019 - Thorium Potassium ratio,0,0,https://data.gov.au/dataset/ds-ga-0d9a959a-f3f6-cb51-e053-12a3070ab5f9/details?q=radiometric%20map,
30m_Covariate,DSM_Covariate,Geoscience Australia,Parent_Material,,PM_radmap_v4_2019_ratio_u2t_GAPFilled,30m,0.001 Degrees,ratio,Radiometric grid of Australia (Radmap) v4 2019 - Uranium Thorium ratio,0,0,https://data.gov.au/dataset/ds-ga-0d9a959a-f3f6-cb51-e053-12a3070ab5f9/details?q=radiometric%20map,
30m_Covariate,DSM_Covariate,Geoscience Australia,Parent_Material,,PM_radmap_v4_2019_ratio_uk_GAPFilled,30m,0.001 Degrees,ratio,Radiometric grid of Australia (Radmap) v4 2019 - Uranium Potassium ratio,0,0,https://data.gov.au/dataset/ds-ga-0d9a959a-f3f6-cb51-e053-12a3070ab5f9/details?q=radiometric%20map,
30m_Covariate,DSM_Covariate,CSIRO,Parent_Material,,PM_Silica,30m,NA,none,Estimated silica content of the geology,0,0,,
30m_Covariate,DSM_Covariate,Geoscience Australia,Other,,Other_BLUE,30m,25m,none,Barest Earth Landsat Imagery - BLUE,0,0,https://aussoilsdsm.esoil.io/covariate-data/ga-bare-earth-covariates,
30m_Covariate,DSM_Covariate,Geoscience Australia,Other,,Other_CARBONATE-QUARTZ-BLUE+SWIR2,30m,25m,none,Barest Earth Landsat Imagery - CARBONATE-QUARTZ-BLUE+SWIR2,0,0,https://aussoilsdsm.esoil.io/covariate-data/ga-bare-earth-covariates,
30m_Covariate,DSM_Covariate,Geoscience Australia,Other,,Other_FERRIC-PC2,30m,25m,none,Barest Earth Landsat Imagery - FERRIC-PC2,0,0,https://aussoilsdsm.esoil.io/covariate-data/ga-bare-earth-covariates,
30m_Covariate,DSM_Covariate,Geoscience Australia,Other,,Other_FERRIC-PC4,30m,25m,none,Barest Earth Landsat Imagery - FERRIC-PC4,0,0,https://aussoilsdsm.esoil.io/covariate-data/ga-bare-earth-covariates,
30m_Covariate,DSM_Covariate,Geoscience Australia,Other,,Other_GREEN,30m,25m,none,Barest Earth Landsat Imagery - GREEN,0,0,https://aussoilsdsm.esoil.io/covariate-data/ga-bare-earth-covariates,
30m_Covariate,DSM_Covariate,Geoscience Australia,Other,,Other_HYDROXYL-1-PC1,30m,25m,none,Barest Earth Landsat Imagery - HYDROXYL-1-PC1,0,0,https://aussoilsdsm.esoil.io/covariate-data/ga-bare-earth-covariates,
30m_Covariate,DSM_Covariate,Geoscience Australia,Other,,Other_HYDROXYL-1-PC2,30m,25m,none,Barest Earth Landsat Imagery - HYDROXYL-1-PC2,0,0,https://aussoilsdsm.esoil.io/covariate-data/ga-bare-earth-covariates,
30m_Covariate,DSM_Covariate,Geoscience Australia,Other,,Other_HYDROXYL-2-PC2,30m,25m,none,Barest Earth Landsat Imagery - HYDROXYL-2-PC2,0,0,https://aussoilsdsm.esoil.io/covariate-data/ga-bare-earth-covariates,
30m_Covariate,DSM_Covariate,Geoscience Australia,Other,,Other_HYDROXYL-3-PC3,30m,25m,none,Barest Earth Landsat Imagery - HYDROXYL-3-PC3,0,0,https://aussoilsdsm.esoil.io/covariate-data/ga-bare-earth-covariates,
30m_Covariate,DSM_Covariate,Geoscience Australia,Other,,Other_HYDROXYL-3-PC4,30m,25m,none,Barest Earth Landsat Imagery - HYDROXYL-3-PC4,0,0,https://aussoilsdsm.esoil.io/covariate-data/ga-bare-earth-covariates,
30m_Covariate,DSM_Covariate,Geoscience Australia,Other,,Other_ND-NIR-GREEN,30m,25m,none,Barest Earth Landsat Imagery - ND-NIR-GREEN,0,0,https://aussoilsdsm.esoil.io/covariate-data/ga-bare-earth-covariates,
30m_Covariate,DSM_Covariate,Geoscience Australia,Other,,Other_ND-RED-BLUE,30m,25m,none,Barest Earth Landsat Imagery - ND-RED-BLUE,0,0,https://aussoilsdsm.esoil.io/covariate-data/ga-bare-earth-covariates,
30m_Covariate,DSM_Covariate,Geoscience Australia,Other,,Other_ND-RED-GREEN,30m,25m,none,Barest Earth Landsat Imagery - ND-RED-GREEN,0,0,https://aussoilsdsm.esoil.io/covariate-data/ga-bare-earth-covariates,
30m_Covariate,DSM_Covariate,Geoscience Australia,Other,,Other_ND-SWIR1-BLUE,30m,25m,none,Barest Earth Landsat Imagery - ND-SWIR1-BLUE,0,0,https://aussoilsdsm.esoil.io/covariate-data/ga-bare-earth-covariates,
30m_Covariate,DSM_Covariate,Geoscience Australia,Other,,Other_ND-SWIR1-NIR,30m,25m,none,Barest Earth Landsat Imagery - ND-SWIR1-NIR,0,0,https://aussoilsdsm.esoil.io/covariate-data/ga-bare-earth-covariates,
30m_Covariate,DSM_Covariate,Geoscience Australia,Other,,Other_ND-SWIR1-SWIR2,30m,25m,none,Barest Earth Landsat Imagery - ND-SWIR1-SWIR2,0,0,https://aussoilsdsm.esoil.io/covariate-data/ga-bare-earth-covariates,
30m_Covariate,DSM_Covariate,Geoscience Australia,Other,,Other_ND-SWIR2-GREEN,30m,25m,none,Barest Earth Landsat Imagery - ND-SWIR2-GREEN,0,0,https://aussoilsdsm.esoil.io/covariate-data/ga-bare-earth-covariates,
30m_Covariate,DSM_Covariate,Geoscience Australia,Other,,Other_ND-SWIR2-NIR,30m,25m,none,Barest Earth Landsat Imagery - ND-SWIR2-NIR,0,0,https://aussoilsdsm.esoil.io/covariate-data/ga-bare-earth-covariates,
30m_Covariate,DSM_Covariate,Geoscience Australia,Other,,Other_ND-SWIR2-RED,30m,25m,none,Barest Earth Landsat Imagery - ND-SWIR2-RED,0,0,https://aussoilsdsm.esoil.io/covariate-data/ga-bare-earth-covariates,
30m_Covariate,DSM_Covariate,Geoscience Australia,Other,,Other_RED,30m,25m,none,Barest Earth Landsat Imagery - RED,0,0,https://aussoilsdsm.esoil.io/covariate-data/ga-bare-earth-covariates,
30m_Covariate,DSM_Covariate,Geoscience Australia,Other,,Other_SWIR1,30m,25m,none,Barest Earth Landsat Imagery - SWIR1,0,0,https://aussoilsdsm.esoil.io/covariate-data/ga-bare-earth-covariates,
30m_Covariate,DSM_Covariate,Geoscience Australia,Other,,Other_SWIR2,30m,25m,none,Barest Earth Landsat Imagery - SWIR2,0,0,https://aussoilsdsm.esoil.io/covariate-data/ga-bare-earth-covariates,
30m_Covariate,DSM_Covariate,TERN,Climate,,Clim_GEOSS_Aus_Macroclimate_Bioclimatic_zones,30m,90m,none,GEOSS Ecosystem Mapping for Australia - Macroclimate Bioclimatic zones,0,0,https://www.tern.org.au/wp-content/uploads/TERN_Landscape_AusCover__GEOSS_Ecosystem_Mapping_for_Australia__Report_Final.pdf,
30m_Covariate,DSM_Covariate,CSIRO,Other,,Other_A_MOD_DAY_4dim_3ord_Spatial_Temporal_max,30m, 0.005 Degrees,mm per day,Actual Evaporation Modelling -  Available energy - Maximum of the temporal monthly timeseries,0,0,TBA,
30m_Covariate,DSM_Covariate,CSIRO,Other,,Other_A_MOD_DAY_4dim_3ord_Spatial_Temporal_mean,30m, 0.005 Degrees,mm per day,Actual Evaporation Modelling -  Available energy - Mean of the temporal monthly timeseries,0,0,TBA,
30m_Covariate,DSM_Covariate,CSIRO,Other,,Other_A_MOD_DAY_4dim_3ord_Spatial_Temporal_med,30m, 0.005 Degrees,mm per day,Actual Evaporation Modelling -  Available energy - Median of the temporal monthly timeseries,0,0,TBA,
30m_Covariate,DSM_Covariate,CSIRO,Other,,Other_A_MOD_DAY_4dim_3ord_Spatial_Temporal_min,30m, 0.005 Degrees,mm per day,Actual Evaporation Modelling -  Available energy - Minimum of the temporal monthly timeseries,0,0,TBA,
30m_Covariate,DSM_Covariate,CSIRO,Other,,Other_A_MOD_DAY_4dim_3ord_Spatial_Temporal_sd,30m, 0.005 Degrees,mm per day,Actual Evaporation Modelling -  Available energy - Standard deviation of the temporal monthly timeseries,0,0,TBA,
30m_Covariate,DSM_Covariate,CSIRO,Other,,Other_Bowen_Ratio_mean,30m, 0.005 Degrees,mm per day,Actual Evaporation Modelling - Bowen Ratio -  Sensible heat / Latent heat,0,0,TBA,
30m_Covariate,DSM_Covariate,CSIRO,Other,,Other_ETa_MOD_DAY_4dim_3ord_Spatial_Temporal_max,30m, 0.005 Degrees,mm per day,Actual Evaporation Modelling -  Latent heat- Maximum of the temporal  monthlytimeseries,0,0,TBA,
30m_Covariate,DSM_Covariate,CSIRO,Other,,Other_ETa_MOD_DAY_4dim_3ord_Spatial_Temporal_mean,30m, 0.005 Degrees,mm per day,Actual Evaporation Modelling -  Latent heat - Mean of the temporal monthly timeseries,0,0,TBA,
30m_Covariate,DSM_Covariate,CSIRO,Other,,Other_ETa_MOD_DAY_4dim_3ord_Spatial_Temporal_med,30m, 0.005 Degrees,mm per day,Actual Evaporation Modelling -  Latent heat - Median of the temporal monthly timeseries,0,0,TBA,
30m_Covariate,DSM_Covariate,CSIRO,Other,,Other_ETa_MOD_DAY_4dim_3ord_Spatial_Temporal_sd,30m, 0.005 Degrees,mm per day,Actual Evaporation Modelling -  Latent heat - Standard deviation of the temporal monthly timeseries,0,0,TBA,
30m_Covariate,DSM_Covariate,CSIRO,Other,,Other_H_MOD_DAY_4dim_3ord_Spatial_Temporal_max,30m, 0.005 Degrees,mm per day,Actual Evaporation Modelling -  Sensible heat- Maximum of the temporal monthly timeseries,0,0,TBA,
30m_Covariate,DSM_Covariate,CSIRO,Other,,Other_H_MOD_DAY_4dim_3ord_Spatial_Temporal_mean,30m, 0.005 Degrees,mm per day,Actual Evaporation Modelling -  Sensible heat - Mean of the temporal monthly timeseries,0,0,TBA,
30m_Covariate,DSM_Covariate,CSIRO,Other,,Other_H_MOD_DAY_4dim_3ord_Spatial_Temporal_med,30m, 0.005 Degrees,mm per day,Actual Evaporation Modelling -  Sensible heat - Median of the temporal monthly timeseries,0,0,TBA,
30m_Covariate,DSM_Covariate,TERN,Parent Material,,PM_GEOSS_Aus_Lithology_Weathering_intensity,30m,90m,none,GEOSS Ecosystem Mapping for Australia - Lithology Weathering Intensity,0,0,https://www.tern.org.au/wp-content/uploads/TERN_Landscape_AusCover__GEOSS_Ecosystem_Mapping_for_Australia__Report_Final.pdf,
30m_Covariate,DSM_Covariate,CSIRO,Relief,,Relief_aspect_1s,30m,1 arc-second,none,"Aspect derived from 1"" SRTM DEM-S",0,0,https://doi.org/10.4225/08/56D778315A62B,
30m_Covariate,DSM_Covariate,CSIRO,Relief,,Relief_dem1sv1_0,30m,1 arc-second,none,SRTM-derived 1 Second Digital Elevation Models Version 1.0,0,0,http://pid.geoscience.gov.au/dataset/ga/72759,
30m_Covariate,DSM_Covariate,CSIRO,Relief,,Relief_focalmedian300m_1s,30m,1 arc-second,none,"Median of Percent Slope over 300 m derived from 1"" SRTM DEM-S",0,0,https://doi.org/10.4225/08/56DE9747E897E,
30m_Covariate,DSM_Covariate,CSIRO,Relief,,Relief_focalrange1000m_1s,30m,1 arc-second,none,"Relief - Elevation Range over 1000 m derived from 1"" SRTM DEM-S",0,0,https://doi.org/10.4225/08/56E9C8DDD664D,
30m_Covariate,DSM_Covariate,CSIRO,Relief,,Relief_focalrange300m_1s,30m,1 arc-second,none,"Relief - Elevation Range over 300 m derived from 1"" SRTM DEM-S",0,0,https://doi.org/10.4225/08/57511C7CBC340,
30m_Covariate,DSM_Covariate,CSIRO,Relief,,Relief_mrrtf6g-a5_1s,30m,1 arc-second,none,Multi-resolution Ridge Top Flatness (MrRTF),0,0,https://doi.org/10.4225/08/56EA312A5E63B,
30m_Covariate,DSM_Covariate,CSIRO,Relief,,Relief_mrvbf_int,30m,1 arc-second,none,Multi-resolution Valley Bottom Flatness (MrVBF),0,0,https://doi.org/10.4225/08/5701C885AB4FE,
30m_Covariate,DSM_Covariate,CSIRO,Relief,,Relief_plan_curvature_1s,30m,1 arc-second,none,"Plan Curvature derived from 1"" SRTM DEM-S",0,0,https://doi.org/10.4225/08/56DE806D91E44,
30m_Covariate,DSM_Covariate,CSIRO,Relief,,Relief_PrescottIndex_01_1s_lzw,30m,1 arc-second,none,"Prescott Index derived from 1"" SRTM DEM-S",0,0,https://doi.org/10.4225/08/53EB2D0EAE377,
30m_Covariate,DSM_Covariate,CSIRO,Relief,,Relief_profile_curvature_1s,30m,1 arc-second,none,"Profile Curvature derived from 1"" SRTM DEM-S",0,0,https://doi.org/10.4225/08/56E9DEBF65706,
30m_Covariate,DSM_Covariate,CSIRO,Relief,,Relief_slope_relief,30m,1 arc-second,none,"Slope Relief Classification derived from 1"" SRTM DEM-S",0,0,https://doi.org/10.4225/08/57512079C1A93,
30m_Covariate,DSM_Covariate,CSIRO,Relief,,Relief_slopedeg_1s,30m,1 arc-second,none,"Slope derived from 1"" SRTM DEM-S",0,0,https://doi.org/10.4225/08/5689DA774564A,
30m_Covariate,DSM_Covariate,CSIRO,Relief,,Relief_slopepct1s,30m,1 arc-second,none,"Slope derived from 1"" SRTM DEM-S",0,0,https://doi.org/10.4225/08/5689DA774564A,
30m_Covariate,DSM_Covariate,CSIRO,Relief,,Relief_tpi_class_1s,30m,1 arc-second,none,"Topographic Position Index derived from 1"" SRTM DEM-S",0,0,https://doi.org/10.4225/08/5758CCC862AD5,
30m_Covariate,DSM_Covariate,CSIRO,Relief,,Relief_tpi_mask_1s,30m,1 arc-second,none,"Topographic Position Index derived from 1"" SRTM DEM-S",0,0,https://doi.org/10.4225/08/5758CCC862AD5,
30m_Covariate,DSM_Covariate,CSIRO,Relief,,Relief_twi_1s,30m,1 arc-second,none,"Topographic Wetness Index derived from 1"" SRTM DEM-H",0,0,https://doi.org/10.4225/08/57590B59A4A08,
30m_Covariate,DSM_Covariate,TERN,Relief,,Relief_Aus_Landform_Topographic_moisture_potential,30m,90m,none,GEOSS Ecosystem Mapping for Australia - Topographic Moisture Potential,0,0,https://www.tern.org.au/wp-content/uploads/TERN_Landscape_AusCover__GEOSS_Ecosystem_Mapping_for_Australia__Report_Final.pdf,
30m_Covariate,DSM_Covariate,TERN,Relief,,Relief_GEOSS_Aus_Landform_Land_surface_forms,30m,90m,none,GEOSS Ecosystem Mapping for Australia - Land Surface Forms,0,0,https://www.tern.org.au/wp-content/uploads/TERN_Landscape_AusCover__GEOSS_Ecosystem_Mapping_for_Australia__Report_Final.pdf,
30m_Covariate,DSM_Covariate,European Space Agency,Soil,,Soil_SMOS_Summary_max,30m,0.01 Degrees,none,SMOS Level 2 Soil Moisture - Maximum of the timeseries - 2015 to 2020,0,0,https://smos-diss.eo.esa.int/oads/access/,
30m_Covariate,DSM_Covariate,European Space Agency,Soil,,Soil_SMOS_Summary_mean,30m,0.01 Degrees,none,SMOS Level 2 Soil Moisture - Mean of the timeseries - 2015 to 2020,0,0,https://smos-diss.eo.esa.int/oads/access/,
30m_Covariate,DSM_Covariate,European Space Agency,Soil,,Soil_SMOS_Summary_med,30m,0.01 Degrees,none,SMOS Level 2 Soil Moisture - Median of the timeseries - 2015 to 2020,0,0,https://smos-diss.eo.esa.int/oads/access/,
30m_Covariate,DSM_Covariate,European Space Agency,Soil,,Soil_SMOS_Summary_min,30m,0.01 Degrees,none,SMOS Level 2 Soil Moisture - Minimum of the timeseries - 2015 to 2020,0,0,https://smos-diss.eo.esa.int/oads/access/,
30m_Covariate,DSM_Covariate,QLD Department of Environment & Science,Organisms,,Veg_FC_Max_BS,30m,30m,percent,Landsat Fractional cover -  Bare Soil -Maximum of the timeseries - 1987 - 2019,0,0,http://data.auscover.org.au/xwiki/bin/view/Product+pages/Landsat+Seasonal+Fractional+Cover,
30m_Covariate,DSM_Covariate,QLD Department of Environment & Science,Organisms,,Veg_FC_Max_NPV,30m,30m,percent,Landsat Fractional cover - Non Photosynthetic Vegetation - Maximum of the timeseries - 1987 - 2019,0,0,http://data.auscover.org.au/xwiki/bin/view/Product+pages/Landsat+Seasonal+Fractional+Cover,
30m_Covariate,DSM_Covariate,QLD Department of Environment & Science,Organisms,,Veg_FC_Max_PV,30m,30m,percent,Landsat Fractional cover -  Photosynthetic Vegetation - Maximum of the timeseries - 1987 - 2019,0,0,http://data.auscover.org.au/xwiki/bin/view/Product+pages/Landsat+Seasonal+Fractional+Cover,
30m_Covariate,DSM_Covariate,QLD Department of Environment & Science,Organisms,,Veg_FC_Mean_BS,30m,30m,percent,Landsat Fractional cover -  Bare Soil - Mean of the timeseries - 1987 - 2019,0,0,http://data.auscover.org.au/xwiki/bin/view/Product+pages/Landsat+Seasonal+Fractional+Cover,
30m_Covariate,DSM_Covariate,QLD Department of Environment & Science,Organisms,,Veg_FC_Mean_NPV,30m,30m,percent,Landsat Fractional cover - Non Photosynthetic Vegetation - Mean of the timeseries - 1987 - 2019,0,0,http://data.auscover.org.au/xwiki/bin/view/Product+pages/Landsat+Seasonal+Fractional+Cover,
30m_Covariate,DSM_Covariate,QLD Department of Environment & Science,Organisms,,Veg_FC_Mean_PV,30m,30m,percent,Landsat Fractional cover - Photosynthetic Vegetation - Mean of the timeseries - 1987 - 2019,0,0,http://data.auscover.org.au/xwiki/bin/view/Product+pages/Landsat+Seasonal+Fractional+Cover,
30m_Covariate,DSM_Covariate,QLD Department of Environment & Science,Organisms,,Veg_FC_Min_BS,30m,30m,percent,Landsat Fractional cover -  Bare Soil Minimum of the timeseries - 1987 - 2019,0,0,http://data.auscover.org.au/xwiki/bin/view/Product+pages/Landsat+Seasonal+Fractional+Cover,
30m_Covariate,DSM_Covariate,QLD Department of Environment & Science,Organisms,,Veg_FC_Min_NPV,30m,30m,percent,Landsat Fractional cover -  Non Photosynthetic Vegetation  - Minimum of the timeseries - 1987 - 2019,0,0,http://data.auscover.org.au/xwiki/bin/view/Product+pages/Landsat+Seasonal+Fractional+Cover,
30m_Covariate,DSM_Covariate,QLD Department of Environment & Science,Organisms,,Veg_FC_Min_PV,30m,30m,percent,Landsat Fractional cove -  Photosynthetic Vegetation - Minimum of the timeseries - 1987 - 2019,0,0,http://data.auscover.org.au/xwiki/bin/view/Product+pages/Landsat+Seasonal+Fractional+Cover,
30m_Covariate,DSM_Covariate,QLD Department of Environment & Science,Organisms,,Veg_FC_SD_BS,30m,30m,percent,Landsat Fractional cover -  Bare Soil - Standard deviation of the timeseries - 1987 - 2019,0,0,http://data.auscover.org.au/xwiki/bin/view/Product+pages/Landsat+Seasonal+Fractional+Cover,
30m_Covariate,DSM_Covariate,QLD Department of Environment & Science,Organisms,,Veg_FC_SD_NPV,30m,30m,percent,Landsat Fractional cover -  Non Photosynthetic Vegetation - Standard deviation  of the timeseries - 1987 - 2019,0,0,http://data.auscover.org.au/xwiki/bin/view/Product+pages/Landsat+Seasonal+Fractional+Cover,
30m_Covariate,DSM_Covariate,QLD Department of Environment & Science,Organisms,,Veg_FC_SD_PV,30m,30m,percent,Landsat Fractional cover -  Bare Soil - Standard deviation  of the timeseries -1987 - 2019,0,0,http://data.auscover.org.au/xwiki/bin/view/Product+pages/Landsat+Seasonal+Fractional+Cover,
30m_Covariate,DSM_Covariate,TERN,Organisms,,Veg_GEOSS_Aus_Vegetation_structural_formations,30m,90m,none,GEOSS Ecosystem Mapping for Australia - Vegetation Structural Formations,0,0,https://www.tern.org.au/wp-content/uploads/TERN_Landscape_AusCover__GEOSS_Ecosystem_Mapping_for_Australia__Report_Final.pdf,
30m_Covariate,DSM_Covariate,CSIRO,Other,,Other_H_MOD_DAY_4dim_3ord_Spatial_Temporal_min,30m, 0.005 Degrees,mm per day,Actual Evaporation Modelling -  Sensible heat - Minimum of the temporal monthly timeseries,0,0,TBA,
30m_Covariate,DSM_Covariate,CSIRO,Other,,Other_H_MOD_DAY_4dim_3ord_Spatial_Temporal_sd,30m, 0.005 Degrees,mm per day,Actual Evaporation Modelling -  Sensible heat - Standard deviation of the temporal monthly timeseries,0,0,TBA,
30m_Covariate,DSM_Covariate,TERN,Parent Material,,PM_GEOSS_Aus_Lithology_Lithology,30m,90m,none,GEOSS Ecosystem Mapping for Australia - Lithology,0,0,https://www.tern.org.au/wp-content/uploads/TERN_Landscape_AusCover__GEOSS_Ecosystem_Mapping_for_Australia__Report_Final.pdf,
30m_Covariate,DSM_Covariate,QLD Department of Environment & Science,Organisms,,Veg_alpsbk_aust_y2009_sd5a2,30m,30m,none,Height of peak foliage density ,0,0,http://data.auscover.org.au/xwiki/bin/view/Product+pages/ICESat+Vegetation+Structure,
30m_Covariate,DSM_Covariate,QLD Department of Environment & Science,Organisms,,Veg_alpsbk_aust_y2009_se5a2,30m,30m,none,Total plant cover fraction,0,0,http://data.auscover.org.au/xwiki/bin/view/Product+pages/ICESat+Vegetation+Structure,
30m_Covariate,DSM_Covariate,QLD Department of Environment & Science,Organisms,,Veg_lztmre_aus_y20002011_dm7a2_d20050630,30m,30m,percent,Australian woody vegetation cover - Forest cover,0,0,http://auscover.org.au/purl/landsat-persistent-green-2000-2010,
